[{"num": 1, "iscd": "200350", "name": "\ub798\ubabd\ub798\uc778", "qty": 0, "exist": false, "rate": 0.023, "price": 21400, "st": 21.344, "stBf": 12.485, "updateDate": "20230112"}, {"num": 2, "iscd": "950130", "name": "\uc5d1\uc138\uc2a4\ubc14\uc774\uc624", "qty": 0, "exist": false, "rate": 0.004, "price": 12100, "st": 21.103, "stBf": 32.362, "updateDate": "20230112"}, {"num": 3, "iscd": "198440", "name": "\uace0\ub824\uc2dc\uba58\ud2b8", "qty": 0, "exist": false, "rate": 0.023, "price": 2585, "st": 57.962, "stBf": 55.806, "updateDate": "20230112"}, {"num": 4, "iscd": "219420", "name": "\ub9c1\ud06c\uc81c\ub2c8\uc2dc\uc2a4", "qty": 0, "exist": false, "rate": -0.015, "price": 6350, "st": 66.75, "stBf": 62.06, "updateDate": "20230112"}, {"num": 5, "iscd": "215480", "name": "\ud1a0\ubc15\uc2a4\ucf54\ub9ac\uc544", "qty": 0, "exist": false, "rate": 0.0, "price": 4350, "st": 77.712, "stBf": 81.564, "updateDate": "20230112"}, {"num": 6, "iscd": "037070", "name": "\ud30c\uc138\ucf54", "qty": 0, "exist": false, "rate": -0.007, "price": 13900, "st": 83.65, "stBf": 90.0, "updateDate": "20230112"}, {"num": 7, "iscd": "139670", "name": "\ud0a4\ub124\ub9c8\uc2a4\ud130", "qty": 0, "exist": false, "rate": 0.002, "price": 9000, "st": 57.422, "stBf": 56.003, "updateDate": "20230112"}, {"num": 8, "iscd": "030960", "name": "\uc591\uc9c0\uc0ac", "qty": 0, "exist": false, "rate": 0.001, "price": 32750, "st": 33.333, "stBf": 42.472, "updateDate": "20230112"}, {"num": 9, "iscd": "189300", "name": "\uc778\ud154\ub9ac\uc548\ud14c\ud06c", "qty": 0, "exist": false, "rate": -0.008, "price": 66900, "st": 77.844, "stBf": 76.237, "updateDate": "20230112"}, {"num": 10, "iscd": "026150", "name": "\ud2b9\uc218\uac74\uc124", "qty": 0, "exist": false, "rate": 0.024, "price": 8490, "st": 79.976, "stBf": 79.331, "updateDate": "20230112"}, {"num": 11, "iscd": "014970", "name": "\uc0bc\ub96d\ubb3c\uc0b0", "qty": 0, "exist": false, "rate": 0.08, "price": 5610, "st": 47.552, "stBf": 61.736, "updateDate": "20230112"}, {"num": 12, "iscd": "014910", "name": "\uc131\ubb38\uc804\uc790", "qty": 0, "exist": false, "rate": 0.005, "price": 1725, "st": 84.651, "stBf": 85.053, "updateDate": "20230112"}, {"num": 13, "iscd": "234100", "name": "\ud3f4\ub77c\ub9ac\uc2a4\uc138\uc6d0", "qty": 0, "exist": false, "rate": 0.007, "price": 2030, "st": 81.176, "stBf": 82.708, "updateDate": "20230112"}, {"num": 14, "iscd": "051380", "name": "\ud53c\uc528\ub514\ub809\ud2b8", "qty": 0, "exist": false, "rate": -0.015, "price": 8110, "st": 68.104, "stBf": 69.947, "updateDate": "20230112"}, {"num": 15, "iscd": "101360", "name": "\uc774\uc5d4\ub4dc\ub514", "qty": 0, "exist": false, "rate": -0.001, "price": 26750, "st": 87.164, "stBf": 89.728, "updateDate": "20230112"}, {"num": 16, "iscd": "900120", "name": "\uc528\ucf00\uc774\uc5d0\uc774\uce58", "qty": 0, "exist": false, "rate": -0.023, "price": 210, "st": 32.107, "stBf": 62.266, "updateDate": "20230112"}, {"num": 17, "iscd": "004720", "name": "\ud31c\uc820\uc0ac\uc774\uc5b8\uc2a4", "qty": 0, "exist": false, "rate": 0.002, "price": 6950, "st": 74.803, "stBf": 74.489, "updateDate": "20230112"}, {"num": 18, "iscd": "196700", "name": "\uc6f9\uc2a4", "qty": 0, "exist": false, "rate": 0.011, "price": 3595, "st": 60.416, "stBf": 73.469, "updateDate": "20230112"}, {"num": 19, "iscd": "041020", "name": "\ud3f4\ub77c\ub9ac\uc2a4\uc624\ud53c\uc2a4", "qty": 0, "exist": false, "rate": -0.017, "price": 1375, "st": 85.99, "stBf": 94.537, "updateDate": "20230112"}, {"num": 20, "iscd": "027580", "name": "\uc0c1\ubcf4", "qty": 0, "exist": false, "rate": 0.0, "price": 1410, "st": 82.619, "stBf": 85.07, "updateDate": "20230112"}, {"num": 21, "iscd": "114630", "name": "\ud3f4\ub77c\ub9ac\uc2a4\uc6b0\ub178", "qty": 0, "exist": false, "rate": -0.009, "price": 860, "st": 83.385, "stBf": 90.462, "updateDate": "20230112"}, {"num": 22, "iscd": "067630", "name": "HLB\uc0dd\uba85\uacfc\ud559", "qty": 0, "exist": false, "rate": 0.013, "price": 11350, "st": 74.945, "stBf": 73.2, "updateDate": "20230112"}, {"num": 23, "iscd": "203400", "name": "\uc5d0\uc774\ube44\uc628", "qty": 0, "exist": false, "rate": -0.001, "price": 6710, "st": 37.436, "stBf": 22.664, "updateDate": "20230112"}, {"num": 24, "iscd": "051160", "name": "\uc9c0\uc5b4\uc18c\ud504\ud2b8", "qty": 0, "exist": false, "rate": 0.028, "price": 9390, "st": 68.215, "stBf": 55.806, "updateDate": "20230112"}, {"num": 26, "iscd": "073570", "name": "WI", "qty": 0, "exist": false, "rate": 0.038, "price": 14750, "st": 34.012, "stBf": 14.453, "updateDate": "20230112"}, {"num": 27, "iscd": "074610", "name": "\uc774\uc5d4\ud50c\ub7ec\uc2a4", "qty": 0, "exist": false, "rate": 0.004, "price": 5020, "st": 42.729, "stBf": 55.704, "updateDate": "20230112"}, {"num": 28, "iscd": "222160", "name": "\ubc14\uc774\uc635\ud2b8\ub85c", "qty": 0, "exist": false, "rate": 0.04, "price": 5340, "st": 54.155, "stBf": 61.084, "updateDate": "20230112"}, {"num": 29, "iscd": "003720", "name": "\uc0bc\uc601\ud654\ud559", "qty": 0, "exist": false, "rate": -0.003, "price": 2600, "st": 88.03, "stBf": 91.601, "updateDate": "20230112"}, {"num": 30, "iscd": "153460", "name": "\ub124\uc774\ube14", "qty": 0, "exist": false, "rate": -0.003, "price": 7560, "st": 79.729, "stBf": 87.558, "updateDate": "20230112"}, {"num": 31, "iscd": "121850", "name": "\ucf54\uc774\uc988", "qty": 0, "exist": false, "rate": -0.027, "price": 2085, "st": 55.533, "stBf": 49.545, "updateDate": "20230112"}, {"num": 32, "iscd": "032820", "name": "\uc6b0\ub9ac\uae30\uc220", "qty": 0, "exist": false, "rate": -0.003, "price": 1480, "st": 82.545, "stBf": 89.067, "updateDate": "20230112"}, {"num": 33, "iscd": "101140", "name": "\uc778\ubc14\uc774\uc624\uc820", "qty": 0, "exist": false, "rate": 0.047, "price": 861, "st": 51.965, "stBf": 47.623, "updateDate": "20230112"}, {"num": 34, "iscd": "203650", "name": "\ub4dc\ub9bc\uc2dc\ud050\ub9ac\ud2f0", "qty": 0, "exist": false, "rate": -0.036, "price": 2935, "st": 79.386, "stBf": 88.907, "updateDate": "20230112"}, {"num": 35, "iscd": "076080", "name": "\uc6f0\ud06c\ub860\ud55c\ud14d", "qty": 0, "exist": false, "rate": -0.001, "price": 5250, "st": 73.034, "stBf": 72.866, "updateDate": "20230112"}, {"num": 36, "iscd": "016920", "name": "\uce74\uc2a4", "qty": 0, "exist": false, "rate": 0.0, "price": 1745, "st": 82.521, "stBf": 82.977, "updateDate": "20230112"}, {"num": 37, "iscd": "006110", "name": "\uc0bc\uc544\uc54c\ubbf8\ub284", "qty": 0, "exist": false, "rate": -0.027, "price": 40000, "st": 53.933, "stBf": 51.001, "updateDate": "20230112"}, {"num": 38, "iscd": "094940", "name": "\ud478\ub978\uae30\uc220", "qty": 0, "exist": false, "rate": 0.011, "price": 7290, "st": 50.9, "stBf": 55.241, "updateDate": "20230112"}, {"num": 39, "iscd": "031860", "name": "\uc5d4\uc5d0\uc2a4\uc5d4", "qty": 0, "exist": false, "rate": 0.046, "price": 785, "st": 86.748, "stBf": 94.191, "updateDate": "20230112"}, {"num": 40, "iscd": "003580", "name": "HLB\uae00\ub85c\ubc8c", "qty": 0, "exist": false, "rate": 0.048, "price": 6230, "st": 59.105, "stBf": 53.43, "updateDate": "20230112"}, {"num": 41, "iscd": "020120", "name": "\ud0a4\ub2e4\ub9ac\uc2a4\ud29c\ub514\uc624", "qty": 0, "exist": false, "rate": -0.012, "price": 9760, "st": 38.222, "stBf": 43.376, "updateDate": "20230112"}, {"num": 42, "iscd": "109820", "name": "\uc9c4\ub9e4\ud2b8\ub9ad\uc2a4", "qty": 0, "exist": false, "rate": -0.004, "price": 4340, "st": 74.413, "stBf": 80.515, "updateDate": "20230112"}, {"num": 43, "iscd": "094360", "name": "\uce69\uc2a4\uc564\ubbf8\ub514\uc5b4", "qty": 0, "exist": false, "rate": -0.009, "price": 15400, "st": 86.609, "stBf": 93.488, "updateDate": "20230112"}, {"num": 44, "iscd": "256840", "name": "\ud55c\uad6d\ube44\uc5d4\uc528", "qty": 0, "exist": false, "rate": 0.007, "price": 5200, "st": 90.458, "stBf": 90.694, "updateDate": "20230112"}, {"num": 45, "iscd": "054090", "name": "\uc0bc\uc9c4\uc5d8\uc564\ub514", "qty": 0, "exist": false, "rate": 0.007, "price": 2775, "st": 80.793, "stBf": 84.126, "updateDate": "20230112"}, {"num": 46, "iscd": "023150", "name": "MH\uc5d0\ud0c4\uc62c", "qty": 0, "exist": false, "rate": -0.005, "price": 7670, "st": 78.359, "stBf": 87.526, "updateDate": "20230112"}, {"num": 47, "iscd": "224110", "name": "\uc5d0\uc774\ud14d\ud2f0\uc564", "qty": 0, "exist": false, "rate": 0.004, "price": 10500, "st": 76.349, "stBf": 75.019, "updateDate": "20230112"}, {"num": 48, "iscd": "230980", "name": "\uc5d0\uc774\ud2b8\uc6d0", "qty": 0, "exist": false, "rate": 0.011, "price": 815, "st": 51.799, "stBf": 49.467, "updateDate": "20230112"}, {"num": 49, "iscd": "101670", "name": "\ucf54\ub9ac\uc544\uc5d0\uc2a4\uc774", "qty": 0, "exist": false, "rate": 0.052, "price": 24200, "st": 25.186, "stBf": 10.095, "updateDate": "20230112"}, {"num": 50, "iscd": "189860", "name": "\uc11c\uc804\uae30\uc804", "qty": 0, "exist": false, "rate": 0.003, "price": 6560, "st": 86.015, "stBf": 88.598, "updateDate": "20230112"}]